<?xml version="1.0" encoding="utf-8"?>
<!DOCTYPE hibernate-mapping PUBLIC
        "-//Hibernate/Hibernate Mapping DTD//EN"
        "http://www.hibernate.org/dtd/hibernate-mapping-3.0.dtd">

<hibernate-mapping>
    <class name="Location" table="LOCATION">
        <meta attribute="class-description">
            This class contains the location detail.
        </meta>
        <id name="id" type="int" column="id">
        </id>
        <property name="locId" column="locId" type="string"/>
        <property name="latitude" column="latitude" type="string"/>
        <property name="longitude" column="longitude" type="string"/>
        <property name="country" column="country" type="string"/>
        <property name="city" column="city" type="string"/>
    </class>
</hibernate-mapping>